{"numpages": 2, "version": "2.0.1", "dimensions": {"exceptions": {}, "width": 593.75999999999999, "height": 843.42999999999995}, "links": []}